{"cameraMode":{"drawMode":0,"name":"Shaded","section":"Shading Mode"},"sceneLighting":true,"audioPlay":false,"sceneViewState":{"m_AlwaysRefresh":false,"showFog":true,"showSkybox":true,"showFlares":true,"showImageEffects":true,"showParticleSystems":true,"showVisualEffectGraphs":true,"m_FxEnabled":true},"in2DMode":false,"pivot":{"x":-6.299314975738525,"y":-0.25228849053382876,"z":-2.7675719261169435},"rotation":{"x":0.6972827911376953,"y":0.04766087234020233,"z":-0.04585600644350052,"w":0.7137573957443237},"size":23.884872436523439,"orthographic":false}